Name,ID,Radius(mm),Length(mm),YoungsModules(pa),MeanThickness(mm),Type,Nodes
"Ascending Aorta",1,12.000000,40.000000,400000.000000,1.397814,1,"0,1,2,3,4,5,6,7,8,9,10,11,12,13,14,15,16"
"Aortic Arch I",2,11.200000,20.000000,400000.000000,1.319877,1,"17,18,19,20,21,22,23,24,25"
"Brachiocephalic",3,6.200000,34.000000,400000.000000,0.841829,1,"26,27,28,29,30,31,32,33,34,35,36,37,38,39,40"
"Aortic Arch II",4,11.000000,39.000000,400000.000000,1.300317,1,"41,42,43,44,45,46,47,48,49,50,51,52,53,54,55,56,57"
"L. common carotid",5,2.500000,208.000000,400000.000000,0.519964,1,"58,59,60,61,62,63,64,65,66,67,68,69,70,71,72,73,74,75,76,77,78,79,80,81,82,83,84,85,86,87,88,89,90,91,92,93,94,95,96,97,98,99,100,101,102,103,104,105,106,107,108,109,110,111,112,113,114,115,116,117,118,119,120,121,122,123,124,125,126,127,128,129,130,131,132,133,134,135,136,137,138,139,140,141,142"
"R. common carotid",6,2.500000,177.000000,400000.000000,0.519964,1,"143,144,145,146,147,148,149,150,151,152,153,154,155,156,157,158,159,160,161,162,163,164,165,166,167,168,169,170,171,172,173,174,175,176,177,178,179,180,181,182,183,184,185,186,187,188,189,190,191,192,193,194,195,196,197,198,199,200,201,202,203,204,205,206,207,208,209,210,211,212,213,214"
"R. subclavian",7,4.230000,34.000000,400000.000000,0.674084,1,"215,216,217,218,219,220,221,222,223,224,225,226,227,228,229"
"Thoracic aorta",8,9.990000,156.000000,400000.000000,1.201350,1,"230,231,232,233,234,235,236,237,238,239,240,241,242,243,244,245,246,247,248,249,250,251,252,253,254,255,256,257,258,259,260,261,262,263,264,265,266,267,268,269,270,271,272,273,274,275,276,277,278,279,280,281,282,283,284,285,286,287,288,289,290,291,292,293"
"L. subclavian",9,4.230000,34.000000,400000.000000,0.674084,1,"294,295,296,297,298,299,300,301,302,303,304,305,306,307,308"
"L ext. carotid",10,1.500000,177.000000,800000.000000,0.392273,1,"309,310,311,312,313,314,315,316,317,318,319,320,321,322,323,324,325,326,327,328,329,330,331,332,333,334,335,336,337,338,339,340,341,342,343,344,345,346,347,348,349,350,351,352,353,354,355,356,357,358,359,360,361,362,363,364,365,366,367,368,369,370,371,372,373,374,375,376,377,378,379,380"
"L int. carotid I",11,2.000000,177.000000,800000.000000,0.462951,1,"381,382,383,384,385,386,387,388,389,390,391,392,393,394,395,396,397,398,399,400,401,402,403,404,405,406,407,408,409,410,411,412,413,414,415,416,417,418,419,420,421,422,423,424,425,426,427,428,429,430,431,432,433,434,435,436,437,438,439,440,441,442,443,444,445,446,447,448,449,450,451,452"
"R int. carotid I",12,2.000000,177.000000,800000.000000,0.462951,1,"453,454,455,456,457,458,459,460,461,462,463,464,465,466,467,468,469,470,471,472,473,474,475,476,477,478,479,480,481,482,483,484,485,486,487,488,489,490,491,492,493,494,495,496,497,498,499,500,501,502,503,504,505,506,507,508,509,510,511,512,513,514,515,516,517,518,519,520,521,522,523,524"
"R ext. carotid",13,1.500000,177.000000,800000.000000,0.392273,1,"525,526,527,528,529,530,531,532,533,534,535,536,537,538,539,540,541,542,543,544,545,546,547,548,549,550,551,552,553,554,555,556,557,558,559,560,561,562,563,564,565,566,567,568,569,570,571,572,573,574,575,576,577,578,579,580,581,582,583,584,585,586,587,588,589,590,591,592,593,594,595,596"
"R. vertebral",14,1.360000,148.000000,800000.000000,0.369028,1,"597,598,599,600,601,602,603,604,605,606,607,608,609,610,611,612,613,614,615,616,617,618,619,620,621,622,623,624,625,626,627,628,629,630,631,632,633,634,635,636,637,638,639,640,641,642,643,644,645,646,647,648,649,650,651,652,653,654,655,656,657"
"R. brachial",15,4.030000,422.000000,400000.000000,0.657512,1,"658,659,660,661,662,663,664,665,666,667,668,669,670,671,672,673,674,675,676,677,678,679,680,681,682,683,684,685,686,687,688,689,690,691,692,693,694,695,696,697,698,699,700,701,702,703,704,705,706,707,708,709,710,711,712,713,714,715,716,717,718,719,720,721,722,723,724,725,726,727,728,729,730,731,732,733,734,735,736,737,738,739,740,741,742,743,744,745,746,747,748,749,750,751,752,753,754,755,756,757,758,759,760,761,762,763,764,765,766,767,768,769,770,771,772,773,774,775,776,777,778,779,780,781,782,783,784,785,786,787,788,789,790,791,792,793,794,795,796,797,798,799,800,801,802,803,804,805,806,807,808,809,810,811,812,813,814,815,816,817,818,819,820,821,822,823,824,825,826,827"
"L. brachial",16,4.030000,422.000000,400000.000000,0.657512,1,"828,829,830,831,832,833,834,835,836,837,838,839,840,841,842,843,844,845,846,847,848,849,850,851,852,853,854,855,856,857,858,859,860,861,862,863,864,865,866,867,868,869,870,871,872,873,874,875,876,877,878,879,880,881,882,883,884,885,886,887,888,889,890,891,892,893,894,895,896,897,898,899,900,901,902,903,904,905,906,907,908,909,910,911,912,913,914,915,916,917,918,919,920,921,922,923,924,925,926,927,928,929,930,931,932,933,934,935,936,937,938,939,940,941,942,943,944,945,946,947,948,949,950,951,952,953,954,955,956,957,958,959,960,961,962,963,964,965,966,967,968,969,970,971,972,973,974,975,976,977,978,979,980,981,982,983,984,985,986,987,988,989,990,991,992,993,994,995,996,997"
"L. vertebral",17,1.360000,148.000000,800000.000000,0.369028,1,"998,999,1000,1001,1002,1003,1004,1005,1006,1007,1008,1009,1010,1011,1012,1013,1014,1015,1016,1017,1018,1019,1020,1021,1022,1023,1024,1025,1026,1027,1028,1029,1030,1031,1032,1033,1034,1035,1036,1037,1038,1039,1040,1041,1042,1043,1044,1045,1046,1047,1048,1049,1050,1051,1052,1053,1054,1055,1056,1057,1058"
"L. PCoA",18,0.730000,15.000000,1600000.000000,0.237316,1,"1059,1060,1061,1062,1063,1064,1065"
"R. PCoA",19,0.730000,15.000000,1600000.000000,0.237316,1,"1066,1067,1068,1069,1070,1071,1072"
"Basilar I",20,1.620000,5.600000,1600000.000000,0.410857,1,"1073,1074,1075,1076"
"L. MCA",21,1.430000,15.750000,1600000.000000,0.380872,1,"1077,1078,1079,1080,1081,1082,1083,1084"
"R. MCA",22,1.430000,15.750000,1600000.000000,0.380872,1,"1085,1086,1087,1088,1089,1090,1091,1092,1093,1094,1095,1096,1097,1098,1099,1100"
"L. ACA, A1",23,1.170000,12.000000,1600000.000000,0.334411,1,"1101,1102,1103,1104,1105,1106"
"R. ACA, A1",24,1.170000,12.000000,1600000.000000,0.334411,1,"1107,1108,1109,1110,1111,1112"
"L. PCA, P1",25,1.070000,5.000000,1600000.000000,0.314588,1,"1113,1114,1115"
"R. PCA, P1",26,1.070000,5.000000,1600000.000000,0.314588,1,"1116,1117,1118"
"L. ACA, A2",27,1.200000,13.960000,1600000.000000,0.340133,1,"1119,1120,1121,1122,1123,1124,1125"
"R. ACA, A2",28,1.200000,13.960000,1600000.000000,0.340133,1,"1126,1127,1128,1129,1130,1131,1132"
"ACoA",29,0.740000,3.000000,1600000.000000,0.239833,1,"1133,1134,1135"
"L. PCA, P2",30,1.050000,6.590000,1600000.000000,0.310479,1,"1136,1137,1138,1139"
"R. PCA, P2",31,1.050000,6.590000,1600000.000000,0.310479,1,"1140,1141,1142,1143"
"R. SCA",32,0.780000,10.000000,1600000.000000,0.249743,1,"1144,1145,1146,1147,1148"
"L. SCA",33,0.780000,10.000000,1600000.000000,0.249743,1,"1149,1150,1151,1152,1153"
"R. AICA",34,0.630000,10.000000,1600000.000000,0.211226,1,"1154,1155,1156,1157,1158"
"L. AICA",35,0.630000,10.000000,1600000.000000,0.211226,1,"1159,1160,1161,1162,1163"
"Basilar II",36,1.620000,5.600000,1600000.000000,0.410857,1,"1164,1165,1166,1167"
"Pontine I",37,0.200000,5.000000,1600000.000000,0.077074,1,"1168,1169,1170"
"Pontine II",38,0.200000,5.000000,1600000.000000,0.077074,1,"1171,1172,1173"
"Pontine III",39,0.200000,5.000000,1600000.000000,0.077074,1,"1174,1175,1176"
"Pontine IV",40,0.200000,5.000000,1600000.000000,0.077074,1,"1177,1178,1179"
"Pontine V",41,0.200000,5.000000,1600000.000000,0.077074,1,"1180,1181,1182"
"Pontine VI",42,0.200000,5.000000,1600000.000000,0.077074,1,"1183,1184,1185"
"Pontine VII",43,0.200000,5.000000,1600000.000000,0.077074,1,"1186,1187,1188"
"Pontine VIII",44,0.200000,5.000000,1600000.000000,0.077074,1,"1189,1190,1191"
"Pontine IX",45,0.200000,5.000000,1600000.000000,0.077074,1,"1192,1193,1194"
"Pontine X",46,0.200000,5.000000,1600000.000000,0.077074,1,"1195,1196,1197"
"Pontine XI",47,0.200000,5.000000,1600000.000000,0.077074,1,"1198,1199,1200"
"Pontine XII",48,0.200000,5.000000,1600000.000000,0.077074,1,"1201,1202,1203"
"Basilar III",49,1.620000,5.600000,1600000.000000,0.410857,1,"1204,1205,1206,1207"
"Basilar IV",50,1.620000,5.600000,1600000.000000,0.410857,1,"1208,1209,1210,1211"
"Basilar V",51,1.620000,5.600000,1600000.000000,0.410857,1,"1212,1213,1214,1215"
"R. PICA",52,0.630000,10.000000,1600000.000000,0.211226,1,"1216,1217,1218,1219,1220"
"L. PICA",53,0.630000,10.000000,1600000.000000,0.211226,1,"1221,1222,1223,1224,1225"
"R. vertebral II",54,1.360000,20.000000,800000.000000,0.369028,1,"1226,1227,1228,1229,1230,1231,1232,1233,1234"
"L. vertebral II",55,1.360000,20.000000,800000.000000,0.369028,1,"1235,1236,1237,1238,1239,1240,1241,1242,1243"
"R. ACA, A2, gen:1,0",56,0.615295,55.958044,1600000.000000,0.207244,2,"1244,1245,1246,1247,1248,1249,1250,1251,1252,1253,1254,1255,1256,1257,1258,1259,1260,1261,1262,1263,1264,1265,1266,1267"
"R. ACA, A2, gen:1,1",57,0.753218,33.210876,1600000.000000,0.243136,2,"1268,1269,1270,1271,1272,1273,1274,1275,1276,1277,1278,1279,1280,1281,1282"
"R. ACA, A2, gen:2,1",58,0.693964,23.306583,1600000.000000,0.228109,2,"1283,1284,1285,1286,1287,1288,1289,1290,1291,1292,1293"
"R. ACA, A2, gen:2,0",59,0.384839,0.876812,1600000.000000,0.139511,2,"1294,1295,1296"
"R. ACA, A2, gen:3,2",60,0.647969,17.788199,1600000.000000,0.216040,2,"1297,1298,1299,1300,1301,1302,1303,1304,1305"
"R. ACA, A2, gen:3,1",61,0.638457,47.442135,1600000.000000,0.213498,2,"1306,1307,1308,1309,1310,1311,1312,1313,1314,1315,1316,1317,1318,1319,1320,1321,1322,1323,1324,1325"
"R. ACA, A2, gen:4,5",62,0.573849,27.190093,1600000.000000,0.195813,2,"1326,1327,1328,1329,1330,1331,1332,1333,1334,1335,1336,1337"
"R. ACA, A2, gen:4,6",63,0.752524,63.577405,1600000.000000,0.242963,2,"1338,1339,1340,1341,1342,1343,1344,1345,1346,1347,1348,1349,1350,1351,1352,1353,1354,1355,1356,1357,1358,1359,1360,1361,1362,1363,1364"
"R. ACA, A2, gen:5,1",64,0.654233,39.127442,1600000.000000,0.217705,2,"1365,1366,1367,1368,1369,1370,1371,1372,1373,1374,1375,1376,1377,1378,1379,1380,1381"
"R. ACA, A2, gen:5,0",65,0.556241,25.933656,1600000.000000,0.190861,2,"1382,1383,1384,1385,1386,1387,1388,1389,1390,1391,1392,1393"
"R. ACA, A2, gen:4,3",66,0.646659,24.702320,1600000.000000,0.215691,2,"1394,1395,1396,1397,1398,1399,1400,1401,1402,1403,1404"
"R. ACA, A2, gen:4,2",67,0.560742,46.025535,1600000.000000,0.192132,2,"1405,1406,1407,1408,1409,1410,1411,1412,1413,1414,1415,1416,1417,1418,1419,1420,1421,1422,1423,1424"
"R. ACA, A2, gen:3,3",68,0.734249,6.941889,1600000.000000,0.238388,2,"1425,1426,1427,1428"
"R. ACA, A2, gen:3,0",69,0.723048,58.036867,1600000.000000,0.235556,2,"1429,1430,1431,1432,1433,1434,1435,1436,1437,1438,1439,1440,1441,1442,1443,1444,1445,1446,1447,1448,1449,1450,1451,1452,1453"
"R. ACA, A2, gen:4,7",70,0.741352,15.331648,1600000.000000,0.240172,2,"1454,1455,1456,1457,1458,1459,1460,1461"
"R. ACA, A2, gen:4,4",71,0.491141,58.532495,1600000.000000,0.172045,2,"1462,1463,1464,1465,1466,1467,1468,1469,1470,1471,1472,1473,1474,1475,1476,1477,1478,1479,1480,1481,1482,1483,1484,1485,1486"
"R. ACA, A2, gen:5,3",72,0.740944,56.761944,1600000.000000,0.240070,2,"1487,1488,1489,1490,1491,1492,1493,1494,1495,1496,1497,1498,1499,1500,1501,1502,1503,1504,1505,1506,1507,1508,1509,1510"
"R. ACA, A2, gen:5,2",73,0.585861,28.710043,1600000.000000,0.199158,2,"1511,1512,1513,1514,1515,1516,1517,1518,1519,1520,1521,1522,1523"
"R. ACA, A2, gen:6,2",74,0.499407,36.399980,1600000.000000,0.174479,2,"1524,1525,1526,1527,1528,1529,1530,1531,1532,1533,1534,1535,1536,1537,1538,1539"
"R. ACA, A2, gen:6,3",75,0.947171,21.795458,1600000.000000,0.288542,2,"1540,1541,1542,1543,1544,1545,1546,1547,1548,1549"
"R. ACA, A2, gen:7,0",76,0.581903,21.260205,1600000.000000,0.198059,2,"1550,1551,1552,1553,1554,1555,1556,1557,1558,1559"
"R. ACA, A2, gen:7,1",77,0.585246,49.538417,1600000.000000,0.198987,2,"1560,1561,1562,1563,1564,1565,1566,1567,1568,1569,1570,1571,1572,1573,1574,1575,1576,1577,1578,1579,1580"
"R. ACA, A2, gen:6,0",78,0.660921,40.725670,1600000.000000,0.219475,2,"1581,1582,1583,1584,1585,1586,1587,1588,1589,1590,1591,1592,1593,1594,1595,1596,1597,1598"
"R. ACA, A2, gen:6,1",79,0.727461,15.675060,1600000.000000,0.236674,2,"1599,1600,1601,1602,1603,1604,1605,1606"
"R. ACA, A2, gen:4,0",80,0.793296,8.151723,1600000.000000,0.252981,2,"1607,1608,1609,1610,1611"
"R. ACA, A2, gen:4,1",81,0.600272,57.505200,1600000.000000,0.203136,2,"1612,1613,1614,1615,1616,1617,1618,1619,1620,1621,1622,1623,1624,1625,1626,1627,1628,1629,1630,1631,1632,1633,1634,1635,1636"
"R. MCA, gen:1,1",82,1.243847,5.253951,1600000.000000,0.348317,2,"1637,1638,1639,1640"
"R. MCA, gen:1,0",83,0.564707,52.213157,1600000.000000,0.193249,2,"1641,1642,1643,1644,1645,1646,1647,1648,1649,1650,1651,1652,1653,1654,1655,1656,1657,1658,1659,1660,1661,1662"
"R. MCA, gen:2,1",84,1.337210,20.351297,1600000.000000,0.365071,2,"1663,1664,1665,1666,1667,1668,1669,1670,1671,1672"
"R. MCA, gen:2,0",85,1.283124,15.435457,1600000.000000,0.355474,2,"1673,1674,1675,1676,1677,1678,1679,1680"
"R. MCA, gen:3,3",86,0.690696,1.386362,1600000.000000,0.227263,2,"1681,1682,1683"
"R. MCA, gen:3,2",87,0.712234,15.736475,1600000.000000,0.232803,2,"1684,1685,1686,1687,1688,1689,1690,1691"
"R. MCA, gen:4,7",88,0.934012,18.376303,1600000.000000,0.285633,2,"1692,1693,1694,1695,1696,1697,1698,1699,1700"
"R. MCA, gen:4,4",89,0.499981,34.801337,1600000.000000,0.174648,2,"1701,1702,1703,1704,1705,1706,1707,1708,1709,1710,1711,1712,1713,1714,1715"
"R. MCA, gen:5,8",90,0.714398,17.055788,1600000.000000,0.233356,2,"1716,1717,1718,1719,1720,1721,1722,1723"
"R. MCA, gen:5,11",91,0.801161,39.331938,1600000.000000,0.254884,2,"1724,1725,1726,1727,1728,1729,1730,1731,1732,1733,1734,1735,1736,1737,1738,1739,1740"
"R. MCA, gen:6,7",92,0.585854,64.706049,1600000.000000,0.199156,2,"1741,1742,1743,1744,1745,1746,1747,1748,1749,1750,1751,1752,1753,1754,1755,1756,1757,1758,1759,1760,1761,1762,1763,1764,1765,1766,1767"
"R. MCA, gen:6,9",93,0.632077,44.439818,1600000.000000,0.211785,2,"1768,1769,1770,1771,1772,1773,1774,1775,1776,1777,1778,1779,1780,1781,1782,1783,1784,1785,1786"
"R. MCA, gen:7,8",94,0.540471,26.431556,1600000.000000,0.186377,2,"1787,1788,1789,1790,1791,1792,1793,1794,1795,1796,1797,1798"
"R. MCA, gen:7,9",95,0.845896,9.554248,1600000.000000,0.265527,2,"1799,1800,1801,1802,1803"
"R. MCA, gen:8,0",96,0.594931,52.457237,1600000.000000,0.201666,2,"1804,1805,1806,1807,1808,1809,1810,1811,1812,1813,1814,1815,1816,1817,1818,1819,1820,1821,1822,1823,1824,1825"
"R. MCA, gen:8,1",97,0.516795,29.956163,1600000.000000,0.179557,2,"1826,1827,1828,1829,1830,1831,1832,1833,1834,1835,1836,1837,1838"
"R. MCA, gen:9,1",98,0.675159,39.549665,1600000.000000,0.223218,2,"1839,1840,1841,1842,1843,1844,1845,1846,1847,1848,1849,1850,1851,1852,1853,1854,1855"
"R. MCA, gen:9,0",99,0.554826,41.377520,1600000.000000,0.190461,2,"1856,1857,1858,1859,1860,1861,1862,1863,1864,1865,1866,1867,1868,1869,1870,1871,1872,1873"
"R. MCA, gen:7,3",100,0.654178,26.853165,1600000.000000,0.217690,2,"1874,1875,1876,1877,1878,1879,1880,1881,1882,1883,1884,1885"
"R. MCA, gen:7,2",101,0.540400,53.172721,1600000.000000,0.186357,2,"1886,1887,1888,1889,1890,1891,1892,1893,1894,1895,1896,1897,1898,1899,1900,1901,1902,1903,1904,1905,1906,1907,1908"
"R. MCA, gen:6,6",102,0.649578,29.671524,1600000.000000,0.216468,2,"1909,1910,1911,1912,1913,1914,1915,1916,1917,1918,1919,1920,1921"
"R. MCA, gen:6,1",103,0.556254,34.056858,1600000.000000,0.190865,2,"1922,1923,1924,1925,1926,1927,1928,1929,1930,1931,1932,1933,1934,1935,1936"
"R. MCA, gen:7,6",104,0.503992,58.375679,1600000.000000,0.175824,2,"1937,1938,1939,1940,1941,1942,1943,1944,1945,1946,1947,1948,1949,1950,1951,1952,1953,1954,1955,1956,1957,1958,1959,1960,1961"
"R. MCA, gen:7,7",105,0.789758,46.648273,1600000.000000,0.252122,2,"1962,1963,1964,1965,1966,1967,1968,1969,1970,1971,1972,1973,1974,1975,1976,1977,1978,1979,1980,1981"
"R. MCA, gen:5,2",106,0.704513,25.717915,1600000.000000,0.230826,2,"1982,1983,1984,1985,1986,1987,1988,1989,1990,1991,1992,1993"
"R. MCA, gen:5,7",107,0.609662,51.560181,1600000.000000,0.205709,2,"1994,1995,1996,1997,1998,1999,2000,2001,2002,2003,2004,2005,2006,2007,2008,2009,2010,2011,2012,2013,2014,2015"
"R. MCA, gen:6,2",108,0.620548,29.938390,1600000.000000,0.208671,2,"2016,2017,2018,2019,2020,2021,2022,2023,2024,2025,2026,2027,2028"
"R. MCA, gen:6,3",109,0.517291,37.479321,1600000.000000,0.179701,2,"2029,2030,2031,2032,2033,2034,2035,2036,2037,2038,2039,2040,2041,2042,2043,2044"
"R. MCA, gen:4,6",110,0.730694,49.286452,1600000.000000,0.237491,2,"2045,2046,2047,2048,2049,2050,2051,2052,2053,2054,2055,2056,2057,2058,2059,2060,2061,2062,2063,2064,2065"
"R. MCA, gen:4,3",111,0.639154,101.353381,1600000.000000,0.213685,2,"2066,2067,2068,2069,2070,2071,2072,2073,2074,2075,2076,2077,2078,2079,2080,2081,2082,2083,2084,2085,2086,2087,2088,2089,2090,2091,2092,2093,2094,2095,2096,2097,2098,2099,2100,2101,2102,2103,2104,2105,2106,2107"
"R. MCA, gen:5,10",112,0.513420,23.991206,1600000.000000,0.178576,2,"2108,2109,2110,2111,2112,2113,2114,2115,2116,2117,2118"
"R. MCA, gen:5,6",113,0.661495,35.299146,1600000.000000,0.219626,2,"2119,2120,2121,2122,2123,2124,2125,2126,2127,2128,2129,2130,2131,2132,2133,2134"
"R. MCA, gen:6,0",114,0.516442,23.917343,1600000.000000,0.179454,2,"2135,2136,2137,2138,2139,2140,2141,2142,2143,2144,2145"
"R. MCA, gen:6,5",115,0.598961,49.754848,1600000.000000,0.202776,2,"2146,2147,2148,2149,2150,2151,2152,2153,2154,2155,2156,2157,2158,2159,2160,2161,2162,2163,2164,2165,2166"
"R. MCA, gen:7,4",116,0.537891,23.516294,1600000.000000,0.185639,2,"2167,2168,2169,2170,2171,2172,2173,2174,2175,2176,2177"
"R. MCA, gen:7,5",117,0.567970,14.342641,1600000.000000,0.194166,2,"2178,2179,2180,2181,2182,2183,2184"
"R. MCA, gen:5,0",118,0.603139,51.415111,1600000.000000,0.203924,2,"2185,2186,2187,2188,2189,2190,2191,2192,2193,2194,2195,2196,2197,2198,2199,2200,2201,2202,2203,2204,2205,2206"
"R. MCA, gen:5,1",119,0.629803,52.980348,1600000.000000,0.211173,2,"2207,2208,2209,2210,2211,2212,2213,2214,2215,2216,2217,2218,2219,2220,2221,2222,2223,2224,2225,2226,2227,2228,2229"
"R. MCA, gen:3,1",120,0.932059,6.743964,1600000.000000,0.285199,2,"2230,2231,2232,2233"
"R. MCA, gen:3,0",121,0.706232,50.697287,1600000.000000,0.231267,2,"2234,2235,2236,2237,2238,2239,2240,2241,2242,2243,2244,2245,2246,2247,2248,2249,2250,2251,2252,2253,2254,2255"
"R. MCA, gen:4,5",122,0.637654,33.560519,1600000.000000,0.213283,2,"2256,2257,2258,2259,2260,2261,2262,2263,2264,2265,2266,2267,2268,2269,2270"
"R. MCA, gen:4,2",123,0.765442,43.880595,1600000.000000,0.246166,2,"2271,2272,2273,2274,2275,2276,2277,2278,2279,2280,2281,2282,2283,2284,2285,2286,2287,2288,2289"
"R. MCA, gen:5,3",124,0.666719,110.497801,1600000.000000,0.221003,2,"2290,2291,2292,2293,2294,2295,2296,2297,2298,2299,2300,2301,2302,2303,2304,2305,2306,2307,2308,2309,2310,2311,2312,2313,2314,2315,2316,2317,2318,2319,2320,2321,2322,2323,2324,2325,2326,2327,2328,2329,2330,2331,2332,2333,2334,2335"
"R. MCA, gen:5,4",125,0.800231,4.247287,1600000.000000,0.254659,2,"2336,2337,2338"
"R. MCA, gen:5,9",126,0.750603,41.386308,1600000.000000,0.242485,2,"2339,2340,2341,2342,2343,2344,2345,2346,2347,2348,2349,2350,2351,2352,2353,2354,2355,2356"
"R. MCA, gen:5,5",127,0.646457,12.398689,1600000.000000,0.215637,2,"2357,2358,2359,2360,2361,2362"
"R. MCA, gen:6,4",128,0.638645,51.886548,1600000.000000,0.213549,2,"2363,2364,2365,2366,2367,2368,2369,2370,2371,2372,2373,2374,2375,2376,2377,2378,2379,2380,2381,2382,2383,2384"
"R. MCA, gen:6,8",129,0.572661,28.506272,1600000.000000,0.195480,2,"2385,2386,2387,2388,2389,2390,2391,2392,2393,2394,2395,2396,2397"
"R. MCA, gen:7,0",130,0.474949,33.971366,1600000.000000,0.167237,2,"2398,2399,2400,2401,2402,2403,2404,2405,2406,2407,2408,2409,2410,2411,2412"
"R. MCA, gen:7,1",131,0.480337,67.040173,1600000.000000,0.168843,2,"2413,2414,2415,2416,2417,2418,2419,2420,2421,2422,2423,2424,2425,2426,2427,2428,2429,2430,2431,2432,2433,2434,2435,2436,2437,2438,2439,2440"
"R. MCA, gen:4,1",132,0.570454,55.291995,1600000.000000,0.194862,2,"2441,2442,2443,2444,2445,2446,2447,2448,2449,2450,2451,2452,2453,2454,2455,2456,2457,2458,2459,2460,2461,2462,2463,2464"
"R. MCA, gen:4,0",133,0.602370,6.626369,1600000.000000,0.203712,2,"2465,2466,2467,2468"
"L. MCA, gen:1,1",134,1.192334,7.854796,1600000.000000,0.338680,2,"2469,2470,2471,2472,2473"
"L. MCA, gen:1,0",135,0.815384,54.122701,1600000.000000,0.258300,2,"2474,2475,2476,2477,2478,2479,2480,2481,2482,2483,2484,2485,2486,2487,2488,2489,2490,2491,2492,2493,2494,2495,2496"
"L. MCA, gen:2,1",136,1.653846,5.159531,1600000.000000,0.415894,2,"2497,2498,2499,2500"
"L. MCA, gen:2,0",137,0.879202,6.164818,1600000.000000,0.273257,2,"2501,2502,2503,2504"
"L. MCA, gen:3,3",138,1.287836,9.375896,1600000.000000,0.356322,2,"2505,2506,2507,2508,2509"
"L. MCA, gen:3,2",139,1.013531,22.946021,1600000.000000,0.302856,2,"2510,2511,2512,2513,2514,2515,2516,2517,2518,2519,2520"
"L. MCA, gen:4,3",140,1.106283,9.876859,1600000.000000,0.321918,2,"2521,2522,2523,2524,2525"
"L. MCA, gen:4,2",141,0.869418,16.107608,1600000.000000,0.271003,2,"2526,2527,2528,2529,2530,2531,2532,2533"
"L. MCA, gen:5,1",142,0.486044,47.446184,1600000.000000,0.170537,2,"2534,2535,2536,2537,2538,2539,2540,2541,2542,2543,2544,2545,2546,2547,2548,2549,2550,2551,2552,2553"
"L. MCA, gen:5,5",143,1.013531,4.241804,1600000.000000,0.302856,2,"2554,2555,2556"
"L. MCA, gen:6,3",144,1.013531,4.225345,1600000.000000,0.302856,2,"2557,2558,2559"
"L. MCA, gen:6,2",145,0.973560,52.744885,1600000.000000,0.294304,2,"2560,2561,2562,2563,2564,2565,2566,2567,2568,2569,2570,2571,2572,2573,2574,2575,2576,2577,2578,2579,2580,2581,2582"
"L. MCA, gen:7,5",146,0.796088,62.560004,1600000.000000,0.253658,2,"2583,2584,2585,2586,2587,2588,2589,2590,2591,2592,2593,2594,2595,2596,2597,2598,2599,2600,2601,2602,2603,2604,2605,2606,2607,2608,2609"
"L. MCA, gen:7,0",147,0.653357,84.164606,1600000.000000,0.217472,2,"2610,2611,2612,2613,2614,2615,2616,2617,2618,2619,2620,2621,2622,2623,2624,2625,2626,2627,2628,2629,2630,2631,2632,2633,2634,2635,2636,2637,2638,2639,2640,2641,2642,2643,2644"
"L. MCA, gen:8,0",148,0.665950,44.541029,1600000.000000,0.220801,2,"2645,2646,2647,2648,2649,2650,2651,2652,2653,2654,2655,2656,2657,2658,2659,2660,2661,2662,2663"
"L. MCA, gen:8,4",149,0.690946,22.445172,1600000.000000,0.227328,2,"2664,2665,2666,2667,2668,2669,2670,2671,2672,2673"
"L. MCA, gen:9,0",150,0.567934,50.771802,1600000.000000,0.194156,2,"2674,2675,2676,2677,2678,2679,2680,2681,2682,2683,2684,2685,2686,2687,2688,2689,2690,2691,2692,2693,2694,2695"
"L. MCA, gen:9,1",151,0.562713,47.089435,1600000.000000,0.192688,2,"2696,2697,2698,2699,2700,2701,2702,2703,2704,2705,2706,2707,2708,2709,2710,2711,2712,2713,2714,2715"
"L. MCA, gen:7,3",152,0.803797,80.484656,1600000.000000,0.255519,2,"2716,2717,2718,2719,2720,2721,2722,2723,2724,2725,2726,2727,2728,2729,2730,2731,2732,2733,2734,2735,2736,2737,2738,2739,2740,2741,2742,2743,2744,2745,2746,2747,2748,2749"
"L. MCA, gen:7,4",153,0.970369,5.269299,1600000.000000,0.293613,2,"2750,2751,2752,2753"
"L. MCA, gen:8,2",154,0.547261,17.788061,1600000.000000,0.188313,2,"2754,2755,2756,2757,2758,2759,2760,2761,2762"
"L. MCA, gen:8,1",155,0.513945,33.106596,1600000.000000,0.178729,2,"2763,2764,2765,2766,2767,2768,2769,2770,2771,2772,2773,2774,2775,2776,2777"
"L. MCA, gen:8,3",156,0.630580,99.844274,1600000.000000,0.211382,2,"2778,2779,2780,2781,2782,2783,2784,2785,2786,2787,2788,2789,2790,2791,2792,2793,2794,2795,2796,2797,2798,2799,2800,2801,2802,2803,2804,2805,2806,2807,2808,2809,2810,2811,2812,2813,2814,2815,2816,2817,2818"
"L. MCA, gen:8,5",157,0.730149,77.245566,1600000.000000,0.237354,2,"2819,2820,2821,2822,2823,2824,2825,2826,2827,2828,2829,2830,2831,2832,2833,2834,2835,2836,2837,2838,2839,2840,2841,2842,2843,2844,2845,2846,2847,2848,2849,2850"
"L. MCA, gen:9,3",158,0.534003,16.511326,1600000.000000,0.184525,2,"2851,2852,2853,2854,2855,2856,2857,2858"
"L. MCA, gen:9,2",159,0.608118,10.005134,1600000.000000,0.205287,2,"2859,2860,2861,2862,2863,2864"
"L. MCA, gen:5,0",160,0.676560,117.769831,1600000.000000,0.223584,2,"2865,2866,2867,2868,2869,2870,2871,2872,2873,2874,2875,2876,2877,2878,2879,2880,2881,2882,2883,2884,2885,2886,2887,2888,2889,2890,2891,2892,2893,2894,2895,2896,2897,2898,2899,2900,2901,2902,2903,2904,2905,2906,2907,2908,2909,2910,2911,2912,2913"
"L. MCA, gen:5,4",161,0.726758,19.310205,1600000.000000,0.236497,2,"2914,2915,2916,2917,2918,2919,2920,2921,2922"
"L. MCA, gen:6,0",162,0.757497,12.197665,1600000.000000,0.244199,2,"2923,2924,2925,2926,2927,2928"
"L. MCA, gen:6,1",163,0.840555,57.613102,1600000.000000,0.264272,2,"2929,2930,2931,2932,2933,2934,2935,2936,2937,2938,2939,2940,2941,2942,2943,2944,2945,2946,2947,2948,2949,2950,2951,2952,2953"
"L. MCA, gen:7,2",164,0.762280,90.719454,1600000.000000,0.245384,2,"2954,2955,2956,2957,2958,2959,2960,2961,2962,2963,2964,2965,2966,2967,2968,2969,2970,2971,2972,2973,2974,2975,2976,2977,2978,2979,2980,2981,2982,2983,2984,2985,2986,2987,2988,2989,2990,2991"
"L. MCA, gen:7,1",165,0.740717,99.094877,1600000.000000,0.240013,2,"2992,2993,2994,2995,2996,2997,2998,2999,3000,3001,3002,3003,3004,3005,3006,3007,3008,3009,3010,3011,3012,3013,3014,3015,3016,3017,3018,3019,3020,3021,3022,3023,3024,3025,3026,3027,3028,3029,3030,3031,3032"
"L. MCA, gen:4,0",166,0.581475,16.862091,1600000.000000,0.197940,2,"3033,3034,3035,3036,3037,3038,3039,3040"
"L. MCA, gen:4,1",167,0.831085,36.023714,1600000.000000,0.262036,2,"3041,3042,3043,3044,3045,3046,3047,3048,3049,3050,3051,3052,3053,3054,3055,3056"
"L. MCA, gen:5,2",168,0.682939,41.489005,1600000.000000,0.225248,2,"3057,3058,3059,3060,3061,3062,3063,3064,3065,3066,3067,3068,3069,3070,3071,3072,3073,3074"
"L. MCA, gen:5,3",169,0.652149,92.961367,1600000.000000,0.217152,2,"3075,3076,3077,3078,3079,3080,3081,3082,3083,3084,3085,3086,3087,3088,3089,3090,3091,3092,3093,3094,3095,3096,3097,3098,3099,3100,3101,3102,3103,3104,3105,3106,3107,3108,3109,3110,3111,3112,3113"
"L. MCA, gen:3,1",170,0.735353,21.668304,1600000.000000,0.238666,2,"3114,3115,3116,3117,3118,3119,3120,3121,3122,3123"
"L. MCA, gen:3,0",171,0.782239,37.279503,1600000.000000,0.250290,2,"3124,3125,3126,3127,3128,3129,3130,3131,3132,3133,3134,3135,3136,3137,3138,3139"
"L. ACA, A2, gen:1,1",172,0.724066,13.613144,1600000.000000,0.235815,2,"3140,3141,3142,3143,3144,3145,3146"
"L. ACA, A2, gen:1,0",173,0.912132,124.548548,1600000.000000,0.280743,2,"3147,3148,3149,3150,3151,3152,3153,3154,3155,3156,3157,3158,3159,3160,3161,3162,3163,3164,3165,3166,3167,3168,3169,3170,3171,3172,3173,3174,3175,3176,3177,3178,3179,3180,3181,3182,3183,3184,3185,3186,3187,3188,3189,3190,3191,3192,3193,3194,3195,3196,3197"
"L. ACA, A2, gen:2,0",174,1.062261,45.616498,1600000.000000,0.313004,2,"3198,3199,3200,3201,3202,3203,3204,3205,3206,3207,3208,3209,3210,3211,3212,3213,3214,3215,3216,3217"
"L. ACA, A2, gen:2,1",175,0.937887,110.096728,1600000.000000,0.286492,2,"3218,3219,3220,3221,3222,3223,3224,3225,3226,3227,3228,3229,3230,3231,3232,3233,3234,3235,3236,3237,3238,3239,3240,3241,3242,3243,3244,3245,3246,3247,3248,3249,3250,3251,3252,3253,3254,3255,3256,3257,3258,3259,3260,3261,3262,3263"
"L. ACA, A2, gen:3,3",176,1.011489,7.489859,1600000.000000,0.302425,2,"3264,3265,3266,3267"
"L. ACA, A2, gen:3,0",177,0.789720,36.765240,1600000.000000,0.252113,2,"3268,3269,3270,3271,3272,3273,3274,3275,3276,3277,3278,3279,3280,3281,3282,3283"
"L. ACA, A2, gen:4,3",178,0.680848,33.007926,1600000.000000,0.224704,2,"3284,3285,3286,3287,3288,3289,3290,3291,3292,3293,3294,3295,3296,3297,3298"
"L. ACA, A2, gen:4,2",179,0.664975,21.737003,1600000.000000,0.220544,2,"3299,3300,3301,3302,3303,3304,3305,3306,3307,3308"
"L. ACA, A2, gen:3,1",180,0.903238,38.022646,1600000.000000,0.278737,2,"3309,3310,3311,3312,3313,3314,3315,3316,3317,3318,3319,3320,3321,3322,3323,3324,3325"
"L. ACA, A2, gen:3,2",181,1.005640,15.572704,1600000.000000,0.301185,2,"3326,3327,3328,3329,3330,3331,3332,3333"
"L. ACA, A2, gen:4,0",182,0.832637,66.685645,1600000.000000,0.262403,2,"3334,3335,3336,3337,3338,3339,3340,3341,3342,3343,3344,3345,3346,3347,3348,3349,3350,3351,3352,3353,3354,3355,3356,3357,3358,3359,3360,3361"
"L. ACA, A2, gen:4,1",183,0.939942,59.573909,1600000.000000,0.286947,2,"3362,3363,3364,3365,3366,3367,3368,3369,3370,3371,3372,3373,3374,3375,3376,3377,3378,3379,3380,3381,3382,3383,3384,3385,3386"
"L. ACA, A2, gen:4,5",184,0.714713,20.832506,1600000.000000,0.233436,2,"3387,3388,3389,3390,3391,3392,3393,3394,3395,3396"
"L. ACA, A2, gen:4,4",185,0.711370,36.086984,1600000.000000,0.232583,2,"3397,3398,3399,3400,3401,3402,3403,3404,3405,3406,3407,3408,3409,3410,3411,3412"
"R. PCA, P2, gen:1,1",186,1.109539,9.027641,1600000.000000,0.322568,2,"3413,3414,3415,3416,3417"
"R. PCA, P2, gen:1,0",187,0.594572,18.885081,1600000.000000,0.201567,2,"3418,3419,3420,3421,3422,3423,3424,3425,3426"
"R. PCA, P2, gen:2,1",188,1.050521,30.123792,1600000.000000,0.310587,2,"3427,3428,3429,3430,3431,3432,3433,3434,3435,3436,3437,3438,3439,3440"
"R. PCA, P2, gen:2,0",189,0.716631,84.889157,1600000.000000,0.233925,2,"3441,3442,3443,3444,3445,3446,3447,3448,3449,3450,3451,3452,3453,3454,3455,3456,3457,3458,3459,3460,3461,3462,3463,3464,3465,3466,3467,3468,3469,3470,3471,3472,3473,3474,3475"
"R. PCA, P2, gen:3,1",190,0.849468,10.981413,1600000.000000,0.266363,2,"3476,3477,3478,3479,3480,3481"
"R. PCA, P2, gen:3,0",191,0.663157,69.411355,1600000.000000,0.220065,2,"3482,3483,3484,3485,3486,3487,3488,3489,3490,3491,3492,3493,3494,3495,3496,3497,3498,3499,3500,3501,3502,3503,3504,3505,3506,3507,3508,3509,3510"
"R. PCA, P2, gen:4,1",192,0.926249,5.187080,1600000.000000,0.283906,2,"3511,3512,3513,3514"
"R. PCA, P2, gen:4,0",193,0.803495,70.154903,1600000.000000,0.255446,2,"3515,3516,3517,3518,3519,3520,3521,3522,3523,3524,3525,3526,3527,3528,3529,3530,3531,3532,3533,3534,3535,3536,3537,3538,3539,3540,3541,3542,3543,3544"
"R. PCA, P2, gen:5,0",194,0.850401,29.840825,1600000.000000,0.266582,2,"3545,3546,3547,3548,3549,3550,3551,3552,3553,3554,3555,3556,3557"
"R. PCA, P2, gen:5,1",195,0.805199,29.346163,1600000.000000,0.255857,2,"3558,3559,3560,3561,3562,3563,3564,3565,3566,3567,3568,3569,3570"
"R. PCA, P2, gen:6,3",196,0.662361,35.532928,1600000.000000,0.219855,2,"3571,3572,3573,3574,3575,3576,3577,3578,3579,3580,3581,3582,3583,3584,3585,3586"
"R. PCA, P2, gen:6,2",197,0.592952,44.933759,1600000.000000,0.201120,2,"3587,3588,3589,3590,3591,3592,3593,3594,3595,3596,3597,3598,3599,3600,3601,3602,3603,3604,3605"
"R. PCA, P2, gen:6,0",198,0.569876,27.832346,1600000.000000,0.194701,2,"3606,3607,3608,3609,3610,3611,3612,3613,3614,3615,3616,3617,3618"
"R. PCA, P2, gen:6,1",199,0.636256,11.083922,1600000.000000,0.212908,2,"3619,3620,3621,3622,3623,3624"
"L. PCA, P2, gen:1,0",200,0.639658,3.432953,1600000.000000,0.213820,2,"3625,3626,3627"
"L. PCA, P2, gen:1,1",201,0.946376,26.993933,1600000.000000,0.288367,2,"3628,3629,3630,3631,3632,3633,3634,3635,3636,3637,3638,3639"
"L. PCA, P2, gen:2,1",202,0.582117,22.380293,1600000.000000,0.198118,2,"3640,3641,3642,3643,3644,3645,3646,3647,3648,3649"
"L. PCA, P2, gen:2,3",203,0.829468,14.378305,1600000.000000,0.261653,2,"3650,3651,3652,3653,3654,3655,3656"
"L. PCA, P2, gen:3,3",204,0.709198,5.861151,1600000.000000,0.232027,2,"3657,3658,3659,3660"
"L. PCA, P2, gen:3,2",205,0.566078,53.837604,1600000.000000,0.193634,2,"3661,3662,3663,3664,3665,3666,3667,3668,3669,3670,3671,3672,3673,3674,3675,3676,3677,3678,3679,3680,3681,3682,3683"
"L. PCA, P2, gen:4,1",206,0.855556,24.376800,1600000.000000,0.267785,2,"3684,3685,3686,3687,3688,3689,3690,3691,3692,3693,3694"
"L. PCA, P2, gen:4,0",207,0.564988,32.148773,1600000.000000,0.193328,2,"3695,3696,3697,3698,3699,3700,3701,3702,3703,3704,3705,3706,3707,3708"
"L. PCA, P2, gen:5,0",208,0.585360,31.469250,1600000.000000,0.199019,2,"3709,3710,3711,3712,3713,3714,3715,3716,3717,3718,3719,3720,3721,3722"
"L. PCA, P2, gen:5,1",209,0.639322,38.904871,1600000.000000,0.213730,2,"3723,3724,3725,3726,3727,3728,3729,3730,3731,3732,3733,3734,3735,3736,3737,3738,3739"
"L. PCA, P2, gen:6,1",210,0.618894,9.196975,1600000.000000,0.208222,2,"3740,3741,3742,3743,3744"
"L. PCA, P2, gen:6,0",211,0.720276,16.773879,1600000.000000,0.234853,2,"3745,3746,3747,3748,3749,3750,3751,3752"
"L. PCA, P2, gen:6,2",212,0.522396,25.775394,1600000.000000,0.181180,2,"3753,3754,3755,3756,3757,3758,3759,3760,3761,3762,3763,3764"
"L. PCA, P2, gen:6,3",213,0.606356,14.435388,1600000.000000,0.204805,2,"3765,3766,3767,3768,3769,3770,3771"
"L. PCA, P2, gen:2,2",214,0.647736,3.927098,1600000.000000,0.215978,2,"3772,3773,3774"
"L. PCA, P2, gen:2,0",215,0.813835,26.717206,1600000.000000,0.257930,2,"3775,3776,3777,3778,3779,3780,3781,3782,3783,3784,3785,3786"
"L. PCA, P2, gen:3,1",216,0.610953,66.899811,1600000.000000,0.206061,2,"3787,3788,3789,3790,3791,3792,3793,3794,3795,3796,3797,3798,3799,3800,3801,3802,3803,3804,3805,3806,3807,3808,3809,3810,3811,3812,3813,3814"
"L. PCA, P2, gen:3,0",217,0.548472,18.596230,1600000.000000,0.188658,2,"3815,3816,3817,3818,3819,3820,3821,3822,3823"
